row_id,prob
0,0.6210840252702983
1,0.13689779499710186
2,0.5078046846070714
3,0.5785996866363649
4,0.7523313203842783
5,0.5684983017264429
6,0.7721454959208387
7,0.22372534392452623
8,0.5299855315385996
9,0.7012516610372913
10,0.7581550109050373
11,0.34745792178796153
12,0.536106866676771
13,0.6363036447822062
14,0.19566060089803522
15,0.5997717089351676
16,0.5239651809166731
17,0.44559032181849123
18,0.6649803686483802
19,0.25766717290792823
20,0.20095208876410878
21,0.645100674667834
22,0.5319771357388612
23,0.424110734251359
24,0.14803987427603105
25,0.14922903450963618
26,0.14803987427603105
27,0.6842155209570876
28,0.7649454160394782
29,0.6244403920908355
30,0.4529856433682272
31,0.7618355761713024
32,0.3717840138770055
33,0.7139932728508437
34,0.1516902247471016
35,0.274571270742677
36,0.829972559935662
37,0.6754761710785208
38,0.5007537918186096
39,0.689623736008852
40,0.061075270397403146
41,0.5172111725883282
42,0.5410482552668867
43,0.2642874881483565
44,0.5000241758629022
45,0.7940368494239155
46,0.46654799016517745
47,0.6145269345224971
48,0.41021398096845535
49,0.4568493311645344
50,0.5267836778575015
51,0.39985526476065264
52,0.7573048925625966
53,0.6386629245934498
54,0.646769733580075
55,0.6309294093938694
56,0.5747211491270342
57,0.7261804348779997
58,0.5050504352444759
59,0.5048017431390829
60,0.5153145641881783
61,0.3053436864641778
62,0.41799870420621
63,0.6734724356982238
64,0.4927034222626713
65,0.7170954535940706
66,0.5684422578965019
67,0.7058024683100307
68,0.7104160946553861
69,0.5176440895804084
70,0.33454800638427884
71,0.5734951055268209
72,0.6940904450996819
73,0.46415715562081444
74,0.5638633791590599
75,0.14244760553493957
76,0.2858410795598128
77,0.7570156216347597
78,0.6824073890781249
79,0.6526541147448826
80,0.5466684997768888
81,0.589364246044245
82,0.11075541377489763
83,0.645564888937468
84,0.5119315481084025
85,0.3896951885362494
86,0.20770718480542213
87,0.36178967803685524
88,0.6526763042717112
89,0.6209905619876269
90,0.7343411806508728
91,0.5454573844471313
92,0.8153457610906896
93,0.7821152349585777
94,0.5779130285456616
95,0.7539784759410444
96,0.33848794475791744
97,0.6668781549278205
98,0.720464629418789
99,0.4401512598445688
100,0.566698480289972
101,0.3641417984620553
102,0.15602229247347882
103,0.7557918671735263
104,0.19423209529307467
105,0.4046786937960627
106,0.4358786542263446
107,0.6735086381112897
108,0.4161936123177501
109,0.6424819941732135
110,0.547760924524558
111,0.29648371365202675
112,0.699688408578914
113,0.5362062911152847
114,0.5911235513482935
115,0.22255997790474932
116,0.3468883165301498
117,0.6806320346295491
118,0.6062045515820635
119,0.08566112969014542
120,0.5331253159294165
121,0.5138539407090877
122,0.5765351330525373
123,0.5674771179534317
124,0.7170319688306029
125,0.6424257140677979
126,0.375298458646299
127,0.46969315095197056
128,0.5686919475293815
129,0.15184956274884887
130,0.20376952572250245
131,0.1658110980714627
132,0.28747838534391396
133,0.7116089331961476
134,0.7003619720783351
135,0.5390068768757018
136,0.629635849563094
137,0.6395482768783043
138,0.49127295058071624
139,0.585657917589659
140,0.4366219858492127
141,0.7527449525904093
142,0.675200062557937
143,0.6588433277419972
144,0.5742101666619587
145,0.42002905959897696
146,0.4659279420595574
147,0.5294804037333269
148,0.4537267357849649
149,0.6286660261917495
150,0.3834107022258872
151,0.08316882980612747
152,0.92132438882009
153,0.5644001936205004
154,0.28972332258527994
155,0.10183896510003851
156,0.5783538077659268
157,0.8118847365615331
158,0.4082952818206762
159,0.7582735870930444
160,0.764586808853956
161,0.4182235875066234
162,0.5220588942932664
163,0.4893608689864047
164,0.44050817824985483
165,0.06479663954437302
166,0.8191467818042375
167,0.2291420934436498
168,0.6493006748452707
169,0.31172668892975847
170,0.10431507301630473
171,0.6773542237023625
172,0.48054353758313134
173,0.8170618636562031
174,0.4000468314256401
175,0.7594228394627744
176,0.6903600082668822
177,0.8476057210258683
178,0.5631547670502142
179,0.6607568994913311
180,0.306954709866509
181,0.03757448837783748
182,0.6750167417270446
183,0.5662339468698973
184,0.17135864690067332
185,0.5326091098880795
186,0.30523719259786614
187,0.3722124729852135
188,0.6030419146831554
189,0.5341910379343667
190,0.4478978222643796
191,0.41326168447441036
192,0.09106958465101243
193,0.6641511848536302
194,0.5536935909384677
195,0.2974796413812247
196,0.7668696831816314
197,0.683713641893796
198,0.5061632910317192
199,0.7093243184760544
200,0.6033852195014721
201,0.6016582580582843
202,0.22714070283523144
203,0.6940054832114025
204,0.627969061674425
205,0.06653468153329381
206,0.8278395686370285
207,0.8449883730312591
208,0.7262321550042182
209,0.7002941101661575
210,0.5084050901341602
211,0.4400230720499208
212,0.793905974094105
213,0.2849201528586043
214,0.60930266411342
215,0.058303480909582185
216,0.46521790645654054
217,0.7365364882233009
218,0.05040030824505768
219,0.4577754349602083
220,0.5838749380962482
221,0.53370094160571
222,0.9113661636517194
223,0.2582782055998846
224,0.6135257386040379
225,0.3407398941535728
226,0.41775981216535046
227,0.7968917860000437
228,0.6566069014662707
229,0.5375940405823093
230,0.3197140373796437
231,0.5702971294567156
232,0.5995035623931624
233,0.33820153796423724
234,0.41416179668201647
235,0.6463825975387942
236,0.5130825758403419
237,0.14967531417653782
238,0.3470221152075091
239,0.5428784949369782
240,0.6991903303169323
241,0.0263021935500607
242,0.5152738148436106
243,0.7539726483907055
244,0.7249229483913128
245,0.4632768724032878
246,0.14524544058427383
247,0.6352407126339829
248,0.5078094830157572
249,0.7031184604217846
250,0.3244104453859153
251,0.20673402939753324
252,0.4550638554979959
253,0.2308857956757476
254,0.837487786304047
255,0.6777724792698242
256,0.17064462029374308
257,0.6472007659809055
258,0.9070808735016616
259,0.4002103541693807
260,0.5652860426576656
261,0.7399566584166448
262,0.49057568231396526
263,0.21493545367922012
264,0.11889310003857556
265,0.21493545367922012
266,0.11889310003857556
267,0.24261668391045937
268,0.24261668391045937
269,0.21493545367922012
270,0.24261668391045937
271,0.24261668391045937
272,0.24261668391045937
273,0.11889310003857556
274,0.6742456728213362
275,0.5419547485916735
276,0.5507269817466185
277,0.5627326458862683
278,0.6526838470861384
279,0.6807398863136757
280,0.5433154883042578
281,0.22518553543777567
282,0.724991858669194
283,0.45795898812517505
284,0.0465502288410645
285,0.6077088522884945
286,0.7216198745380331
287,0.4288656115669577
288,0.657825423910675
289,0.6476936767247571
290,0.3632677795458917
291,0.4913737805867132
292,0.21327104103659314
293,0.6075041567378723
294,0.6255514382084543
295,0.828326390557327
296,0.6363438982677992
297,0.8872508360265766
298,0.3672222118295799
299,0.619647724876334
300,0.738393855155313
301,0.5934861371661911
302,0.06745490441426986
303,0.25272360199841465
304,0.13692741858311938
305,0.42813683575897227
306,0.4424959297631212
307,0.4791021289495233
308,0.4538195804601371
309,0.5428556609465938
310,0.8242600407348427
311,0.6745003273277449
312,0.6578410596270372
313,0.6197423374505703
314,0.48117692122037375
315,0.4435668377038429
316,0.5438264176597385
317,0.7155138115766918
318,0.4453501826775213
319,0.5690677691765335
320,0.7191969145448189
321,0.5858629065437174
322,0.6200514171544635
323,0.6898713836211209
324,0.3537945121248926
325,0.4743368971608254
326,0.3555266524819201
327,0.4202706570458065
328,0.5837184349896053
329,0.5607449490314964
330,0.3079370397143803
331,0.6295089219802859
332,0.4729498185268821
333,0.6152479235885998
334,0.42037435781232474
335,0.6318993879399027
336,0.25201386162524636
337,0.5389709773206196
338,0.6389640644430458
339,0.8032635709949529
340,0.6353850426451442
341,0.6408339771865926
342,0.1894881953434091
343,0.5697487722549045
344,0.39259886496446267
345,0.6395659530933733
346,0.6348875471621755
347,0.5597226455913558
348,0.6203609154320894
349,0.1823995685462477
350,0.6595528154860485
351,0.7278279459200769
352,0.4760521023575794
353,0.4760521023575794
354,0.6331290711282731
355,0.4371992957648912
356,0.5281150977875264
357,0.719454344213439
358,0.5471375465824888
359,0.7492618307073093
360,0.12350585878966328
361,0.7679101699947729
362,0.4074877871715565
363,0.5388917232649277
364,0.5701727380489809
365,0.6803361861043664
366,0.07396048098083842
367,0.07865753835210697
368,0.7465857052936162
369,0.6432921621782214
370,0.3863126229771748
371,0.5406686459288615
372,0.7324909226610157
373,0.26961882619846667
374,0.8390020069327037
375,0.7428021627392366
376,0.13033876098892525
377,0.6807676917866552
378,0.37700279218555904
379,0.6518464462791443
380,0.795656429316297
381,0.306295555033201
382,0.6631135772286865
383,0.46264773766394324
384,0.5033387712880922
385,0.3681534336417077
386,0.07383953526139189
387,0.7162266467461667
388,0.26911877248741906
389,0.46916189016086746
390,0.6206167148316477
391,0.7958378835560825
392,0.2047343182478372
393,0.45094662338180413
394,0.538078460277557
395,0.13638902205144754
396,0.5804687411545036
397,0.6548639662224639
398,0.7590156053711333
399,0.589488235773501
400,0.09226365967109997
401,0.726672278805639
402,0.7879129094310847
403,0.5100075045701316
404,0.4814540145095421
405,0.6541237351657497
406,0.6292215319502852
407,0.679928215872079
408,0.5807790415072189
409,0.5438974268507761
410,0.08599865876931452
411,0.32383418192284463
412,0.44254973014561005
413,0.5777369383513554
414,0.4806424222081274
415,0.3336169881102479
416,0.6580159175544776
417,0.512266350992007
418,0.6976945990438767
419,0.504003133890222
420,0.38147672025658885
421,0.6658583413010688
422,0.5081904151334428
423,0.7018693252752582
424,0.5030294864307834
425,0.6728566829538429
426,0.5191322896061475
427,0.6872390627656393
428,0.7120681144140533
429,0.6615384107077175
430,0.6331479863684599
431,0.5262846494719305
432,0.37037729548177156
433,0.25766061059745304
434,0.5872296879083438
435,0.27683985363713104
436,0.4365585603397309
437,0.4378415843701904
438,0.6052079841239655
439,0.7252304552782253
440,0.6871508785929226
441,0.789247644263854
442,0.22544342581987944
443,0.5698671296811313
444,0.5010852391514155
445,0.26535436160459547
446,0.5788319293258839
447,0.6715928723636978
448,0.4829411283764308
449,0.42437856192267637
450,0.6238511360880177
451,0.28110006498540807
452,0.12781274354207925
453,0.6306257610839865
454,0.13183292503558827
455,0.12779344702013104
456,0.30368063358560765
457,0.7139155276016182
458,0.5533670001627118
459,0.520116323834437
460,0.5088700862024251
461,0.6727245371934054
462,0.6251485573271744
463,0.3811634803559211
464,0.1275788967434729
465,0.6418603025641578
466,0.42811798582670946
467,0.30501191702471037
468,0.5454362884807094
469,0.6748386698987965
470,0.7938297840170668
471,0.4674527074042493
472,0.050738388002700856
473,0.6990825902229358
474,0.5853805801565227
475,0.5656576588306815
476,0.2659719215273175
477,0.4838040175871357
478,0.8418230049419553
479,0.5104866723350052
480,0.6010105487391106
481,0.6482172653381879
482,0.5058362779438009
483,0.49454323981322557
484,0.6853355926271868
485,0.7336951515652888
486,0.7397782458761766
487,0.6853355926271868
488,0.46843718383485944
489,0.06927030314197642
490,0.5493359534681361
491,0.663767154879664
492,0.6663925910522956
493,0.7131441576839707
494,0.5912798882128917
495,0.34789860776069287
496,0.5610481295435499
497,0.7105246279393707
498,0.6026022774224798
499,0.6881620618509865
500,0.6130750986964735
501,0.5627721336004431
502,0.8179864392034152
503,0.5960198635060427
504,0.4401568011008432
505,0.6910798750824525
506,0.5795402393602815
507,0.5574379979527392
508,0.6848638932182954
509,0.3017940092922167
510,0.18790084133805757
511,0.6084127094584599
512,0.21618340826851315
513,0.22640597790202452
514,0.4151584914367453
515,0.5116404540968118
516,0.4749292958563244
517,0.44202944075304057
518,0.07206056373698912
519,0.07229738164068865
520,0.7168795525471691
521,0.7429557428856658
522,0.6468927078751131
523,0.37171264538449617
524,0.8028829890075005
525,0.4750578864939826
526,0.42624733835546885
527,0.3956552301333871
528,0.4322718723193099
529,0.5570228229393942
530,0.7861835914863103
531,0.5583678746509919
532,0.5624510077911447
533,0.9274387674339517
534,0.6353203716065033
535,0.6226892156139519
536,0.7720229796256795
537,0.6941497723880804
538,0.6932293284804646
539,0.5622278675608453
540,0.5329484398126496
541,0.7510004124647914
542,0.6526725315341091
543,0.5984895697049372
544,0.7368023650701898
545,0.9070808735016616
546,0.3260112911968972
547,0.6566280610774571
548,0.6088887197639511
549,0.4582231173952509
550,0.18070648628520067
551,0.40372849914165093
552,0.4280583223310157
553,0.5322771554384644
554,0.6102196433851033
555,0.4785649045239687
556,0.4962963775807166
557,0.6032060984954949
558,0.6908474850769836
559,0.4167936669171975
560,0.7095836958332097
561,0.46317266061542167
562,0.5340594152703944
563,0.410149388879173
564,0.5976950753657059
565,0.04897554214739853
566,0.05871535109587532
567,0.5892843177813412
568,0.42240836342439775
569,0.6876781845419786
570,0.6778422796456796
571,0.3762283326147602
572,0.44550871231293326
573,0.459401697201555
574,0.6887048060812612
575,0.622793824539575
576,0.6955114114100747
577,0.6274312490637688
578,0.5065049836245119
579,0.6159356362975276
580,0.543281119132861
581,0.500983090624634
582,0.5449641403903687
583,0.405241977551917
584,0.6054566094235901
585,0.598305690086461
586,0.6472432751995641
587,0.2690917398934095
588,0.2546849930229327
589,0.6998054347509586
590,0.5423538801853235
591,0.06800645004928141
592,0.6364805724629603
593,0.476718482954069
594,0.7195244497218707
595,0.40942997247812224
596,0.4908213577739635
597,0.49017609651275085
598,0.6709981766002041
599,0.3400965011544664
600,0.16076991557177
601,0.18819643266280872
602,0.4459844498115502
603,0.45575705080836765
604,0.6543845871941533
605,0.5465335210035219
606,0.6442434221989353
607,0.7115075608249686
608,0.44139532113747537
609,0.5128451984270707
610,0.1229179441549641
611,0.3455663121440908
612,0.1148518086113734
613,0.2940050611324538
614,0.314085731121458
615,0.4003503836528087
616,0.16015428221265374
617,0.7694550688784236
618,0.5541523635898372
619,0.7539272627719056
620,0.40229945409128287
621,0.5269636584608973
622,0.6903532022083738
623,0.31205871486258047
624,0.3898926797893879
625,0.49801944255115177
626,0.5720395511603327
627,0.8098126542815127
628,0.3534797794299367
629,0.5144586632332967
630,0.5756008911716081
631,0.5479129455851116
632,0.44422851567217736
633,0.38386967817728507
634,0.5434152999974564
635,0.8449930154771305
636,0.271620712273412
637,0.6388124976279725
638,0.36922951863714776
639,0.5914567105554014
640,0.41236711921820957
641,0.7513319260204927
642,0.44225611835068135
643,0.6273372489374868
644,0.5294974501581456
645,0.17168956254080756
646,0.5696027061663673
647,0.5379580149437649
648,0.7509782884705507
649,0.9070808735016616
650,0.6808939745436936
651,0.3251071416201137
652,0.307126607697734
653,0.5594775091987839
654,0.7641881789404624
655,0.7354658891848282
656,0.39024042390626307
657,0.5740815690909691
658,0.7862175782745255
659,0.7479253727465833
660,0.0821193687984108
661,0.08830112368544282
662,0.6497305806073019
663,0.7784317115319496
664,0.5316941907356841
665,0.5660098562885436
666,0.6378476983824557
667,0.49463080399793713
668,0.13764172554481116
669,0.2622853118263935
670,0.2965270003902496
671,0.5481368642673713
672,0.5120974481107705
673,0.6680466621324846
674,0.6468823225934298
675,0.6648132635272803
676,0.44546840746107474
677,0.3119584779326243
678,0.0645997826532607
679,0.6353816007787585
680,0.7795049794077175
681,0.6533530267997035
682,0.6538495794070823
683,0.652520672139797
684,0.7795049794077175
685,0.5523146842297885
686,0.8943879885726517
687,0.422175810752082
688,0.6836081095928538
689,0.16106693300313443
690,0.4588844781557907
691,0.7711000840421317
692,0.07151962801201539
693,0.6782456439793668
694,0.7110585657275421
695,0.5440917297730722
696,0.7017469510295872
697,0.38318850508071567
698,0.39314318474622867
699,0.06742259594017261
700,0.5154139627450106
701,0.5005121689182159
702,0.5939921830512399
703,0.7128423440430915
704,0.7990749069153956
705,0.8288497318988893
706,0.7990749069153956
707,0.06802166331780939
708,0.0543775028383542
709,0.580118875775517
710,0.43776535977173525
711,0.11350181774040755
712,0.6415905288157305
713,0.35529788810788926
714,0.8044539904492775
715,0.35015389427475757
716,0.7070967713750412
717,0.6454514908675375
718,0.30408718377233623
719,0.552312510092948
720,0.5471811168439872
721,0.538955894612658
722,0.6225344693768974
723,0.587187640095788
724,0.4603136067049292
725,0.38872841915636863
726,0.30579304908146004
727,0.5050428652819764
728,0.3784316220488992
729,0.7095999243313457
730,0.45257734108671804
731,0.7610132231155637
732,0.467547725998451
733,0.2464177139804787
734,0.5624310729307833
735,0.4280411079692316
736,0.06901100578627982
737,0.07869305743305224
738,0.07869305743305224
739,0.07869305743305224
740,0.0722344505729653
741,0.06726404087849301
742,0.07869305743305224
743,0.0722344505729653
744,0.06901100578627982
745,0.06567473036377297
746,0.07869305743305224
747,0.06726404087849301
748,0.06567473036377297
749,0.06567473036377297
750,0.06901100578627982
751,0.0722344505729653
752,0.07869305743305224
753,0.0722344505729653
754,0.6204581914865426
755,0.7760303455755176
756,0.13957666850542846
757,0.6176828536680011
758,0.6189839203342058
759,0.07149267171651345
760,0.5292618757433015
761,0.5661181447560374
762,0.46585601208857325
763,0.7271423000011802
764,0.6408121148158552
765,0.6526695131272479
766,0.058396330962922176
767,0.5579741735330859
768,0.6536402111714735
769,0.4574574877619646
770,0.2420065301802094
771,0.5295505436206026
772,0.45581026491965354
773,0.7821000838660559
774,0.2301395462059257
775,0.11394719917781623
776,0.5011598419504694
777,0.92132438882009
778,0.10364123149445549
779,0.41031828724921354
780,0.11173333726978948
781,0.34373543333171014
782,0.6335652736883025
783,0.46054711085509215
784,0.445800918196265
785,0.7234890408793048
786,0.424678958525595
787,0.23340175503501698
788,0.3919523324656509
789,0.05793808063240555
790,0.8690537496414207
791,0.5247610347532661
792,0.6872262439078274
793,0.8384245731232257
794,0.8355625545231363
795,0.7947635077143714
796,0.7947635077143714
797,0.25164414996880263
798,0.7097462415875032
799,0.6048433292812553
800,0.5901183322806112
801,0.05738445234538211
802,0.10483999099598819
803,0.4009560657214139
804,0.5073450953304146
805,0.5614928482994462
806,0.6701950257830085
807,0.5566270933942397
808,0.34401409367959546
809,0.38692268231545573
810,0.5271561021684242
811,0.45440190783125517
812,0.49699993400674547
813,0.49699993400674547
814,0.4252180510165844
815,0.6409628065211097
816,0.7466330465912233
817,0.41535203066829113
818,0.2976158479483954
819,0.037014663817166824
820,0.9113661636517194
821,0.058303480909582185
822,0.5230033179777452
823,0.6861239394672
824,0.13675295708501056
825,0.6720860305736945
826,0.5179891604542518
827,0.6192422914553307
828,0.5992069214058507
829,0.7471165618490347
830,0.5331093005991532
831,0.06671602688374102
832,0.3920776180430187
833,0.43966736545608176
834,0.3438592994449734
835,0.3569033291891447
836,0.6966523926405427
837,0.4966192704617857
838,0.19985118725914247
839,0.17086537873016477
840,0.3529991342523732
841,0.6093346805039642
842,0.6021727347244751
843,0.4885962783551688
844,0.6239430623642609
845,0.5966794904494743
846,0.6349458863764307
847,0.5399313637471889
848,0.5528954682407973
849,0.5843515364899767
850,0.6598181787126801
851,0.8211731456010487
852,0.06027734457485097
853,0.26651591922252776
854,0.6236555422055113
855,0.08439430676311337
856,0.18903808347221568
857,0.6990576191997567
858,0.2058417472929462
859,0.13446435168490609
860,0.688012190600698
861,0.2977408392302571
862,0.2490932941752673
863,0.6569802858067265
864,0.5054718354789418
865,0.4503909489252751
866,0.6650651240107781
867,0.8046555144801651
868,0.7133588379214592
869,0.03133781912476954
870,0.7299417998443832
871,0.32946830406941774
872,0.7015144495336603
873,0.42194659295189385
874,0.41594566332167415
875,0.46335790987460457
876,0.7191831029049666
877,0.8098018428228897
878,0.7436602545883022
879,0.7436602545883022
880,0.7966548200104403
881,0.7436602545883022
882,0.79784487051627
883,0.4872317291732739
884,0.47761444366737665
885,0.6366347534795718
886,0.29755042388613206
887,0.4117220482655847
888,0.5813607416777151
889,0.4444735951346754
890,0.4866290539109145
891,0.46162418698685026
892,0.5415943146631932
893,0.15956662268040459
894,0.12449159077501429
895,0.15956662268040459
896,0.3767734976854587
897,0.333221899340343
898,0.7420388316367333
899,0.2769039473110227
900,0.5799015692372828
901,0.4510729856357072
902,0.7446493762094403
903,0.6465989845452969
904,0.8073727259636833
905,0.7035776353521611
906,0.24912663693973525
907,0.5212116697317665
908,0.6178856607133522
909,0.9113661636517194
910,0.7070397701219613
911,0.42977463247356373
912,0.9280026285962886
913,0.6398250681220402
914,0.6657359515525549
915,0.693693668259851
916,0.6178583302200914
917,0.4949107357815789
918,0.45162194839647013
919,0.41518079891889575
920,0.3057729088826029
921,0.7417534371315179
922,0.6606339169731724
923,0.6606339169731724
924,0.8223350376282486
925,0.6877276023091994
926,0.5423501079269194
927,0.49241420106421324
928,0.5456335703288161
929,0.7726938955564314
930,0.5502085575107545
931,0.5646410652787206
932,0.6375112506682634
933,0.6383759561109202
934,0.3212895420163169
935,0.4761231645342662
936,0.6476660182632576
937,0.7247698195989976
938,0.6316172225801736
939,0.4236020804432345
940,0.510851465522462
941,0.042793127977016975
942,0.65681789616153
943,0.5100757260044761
944,0.7064250611032741
945,0.12765410333260602
946,0.6179218874827521
947,0.3615614016854902
948,0.3460775709837355
949,0.5344488247807411
950,0.505141317290617
951,0.3303064189631089
952,0.17446976007521406
953,0.2825623148311143
954,0.6207805413987726
955,0.06389765117258504
956,0.6157160754817704
957,0.3536792540744516
958,0.5038418498787748
959,0.7747537982394004
960,0.2667699181070747
961,0.8364638106439372
962,0.2951807545958947
963,0.39940708794461294
964,0.5759081328136558
965,0.7506443664213671
966,0.7302858468255573
967,0.09694812347389362
968,0.0910426553891424
969,0.09694812347389362
970,0.556006071523764
971,0.6339757108422825
972,0.7701316273775891
973,0.5449889880952
974,0.3073594722213484
975,0.4624585476037968
976,0.7387885045764959
977,0.6198471428256943
978,0.5298606293753941
979,0.10878734489305218
980,0.7116278469819624
981,0.8096450549395586
982,0.3919434803257681
983,0.6254130257971894
984,0.6903914393507289
985,0.4341057854865218
986,0.9070808735016616
987,0.20499453346839577
988,0.6761923986492163
989,0.5896413999075409
990,0.6928447446682868
991,0.0738811806630375
992,0.42442216513005215
993,0.42586451057102037
994,0.8382422740998213
995,0.7493361623478162
996,0.6105668135315026
997,0.15510231005727218
998,0.14460179673813786
999,0.6432828065559516
1000,0.1733576810512566
1001,0.2851709748863367
1002,0.3153837603263063
1003,0.13846595227666844
1004,0.42375473053626433
1005,0.5775143614267866
1006,0.6088537868677191
1007,0.45531854112771436
1008,0.9070808735016616
1009,0.7404457438194921
1010,0.5602243055605501
1011,0.28220197642889583
1012,0.3563571182825818
1013,0.49886980506162953
1014,0.24473921910612945
1015,0.595792403804791
1016,0.7192845465209351
1017,0.638263584772316
1018,0.1486986923676231
1019,0.3534945815871116
1020,0.36929320045829106
1021,0.6421977817697846
1022,0.6250837333691928
1023,0.12706844096282077
1024,0.40379164354401187
1025,0.3272074046068548
1026,0.5746250762068839
1027,0.6677389371360815
1028,0.5443558670161603
1029,0.6221704322469133
1030,0.7569716344459393
1031,0.7798351908070438
1032,0.8073668184731955
1033,0.4428025071267835
1034,0.6180342039636695
1035,0.6611111436826995
1036,0.44900127334140166
1037,0.6442699622061049
1038,0.12037123498496428
1039,0.13270774070758853
1040,0.8314693995540972
1041,0.572065392812389
1042,0.6839652362574813
1043,0.12957368987678045
1044,0.6602471608954776
1045,0.7098271212233239
1046,0.7469185085695721
1047,0.4778124939515247
1048,0.6654915588672294
1049,0.08348566405226718
1050,0.4983989336872833
1051,0.660025834622292
1052,0.7679666975050783
1053,0.5956449965492495
1054,0.5938522660742843
1055,0.59333392844141
1056,0.5848480099757768
1057,0.5604655616753978
1058,0.5229031778176882
1059,0.6016201939271839
1060,0.5834674814853931
1061,0.5483410437903921
1062,0.058303480909582185
1063,0.060988239395697544
1064,0.5598714260340346
1065,0.6565144673957508
1066,0.7960342978985521
1067,0.5622612944636837
1068,0.11951445015676833
1069,0.26561268374159797
1070,0.31158095059748536
1071,0.7410536028768852
1072,0.6003537101289974
1073,0.6080674277269855
1074,0.6701013393990735
1075,0.28958324544859976
1076,0.5255816910333843
1077,0.24908242325763877
1078,0.7837212901929106
1079,0.4320784873502734
1080,0.5712746772357061
1081,0.7125835412450967
1082,0.46944711647493187
1083,0.6258100282813758
1084,0.597263669489878
1085,0.34776245966579455
1086,0.36494797536981427
1087,0.5104551570057213
1088,0.46916189016086746
1089,0.7561342302828503
1090,0.5868421836220891
1091,0.8070773427330423
1092,0.24204282729722676
1093,0.4039132174439365
1094,0.6326435617764248
1095,0.7394954588371676
1096,0.841452307595041
1097,0.5965369324273647
1098,0.18364554996309176
1099,0.4070547439035674
1100,0.6955799378866633
1101,0.5524130689596708
1102,0.609213122078244
1103,0.6090399820828948
1104,0.6851642228822594
1105,0.3679541421029257
1106,0.3403627571901939
1107,0.33016298697790886
1108,0.592694114666755
1109,0.7426049273228702
1110,0.293698549845459
1111,0.3922682417285434
1112,0.45636615450613593
1113,0.7824321386410268
1114,0.357689834480857
1115,0.49255023414372096
1116,0.1138874143035244
1117,0.7742301800212763
1118,0.566988737012821
1119,0.5075027819991099
1120,0.5977635819460632
1121,0.3481095733273233
1122,0.6447847176535608
1123,0.5944312490617575
1124,0.44386515824042133
1125,0.775831447856761
1126,0.7393812827364257
1127,0.753321843145855
1128,0.7423140884711259
1129,0.5779245476676994
1130,0.6681140540081058
1131,0.35542419349748
1132,0.5345178981705533
1133,0.5487108191060319
1134,0.48878959391242627
1135,0.6602982069152171
1136,0.6120879790232864
1137,0.48279936554520286
1138,0.6410497775610744
1139,0.6410497775610744
1140,0.10109290650773319
1141,0.4695783883748279
1142,0.48444825621451093
1143,0.5116376163763001
1144,0.3061883465320054
1145,0.5449656395953136
1146,0.6958586589370062
1147,0.46388369165087096
1148,0.04911992905849189
1149,0.7634389346528887
1150,0.5975301270310778
1151,0.7071208991369442
1152,0.6787540040943137
1153,0.5544328695751962
1154,0.47643609648585694
1155,0.37555192891942923
1156,0.2886966597855366
1157,0.3500631564758235
1158,0.4649967240533023
1159,0.145959227225705
1160,0.06764382381698876
1161,0.7323769224910492
1162,0.6014541882211862
1163,0.11934022489669284
1164,0.11794360943084
1165,0.11794360943084
1166,0.10800057506563401
1167,0.12229589265095808
1168,0.11934022489669284
1169,0.11934022489669284
1170,0.12229589265095808
1171,0.11794360943084
1172,0.6705162136456821
1173,0.7327870765163422
1174,0.46297571350969746
1175,0.5227604523667482
1176,0.47382717657674844
1177,0.05524577921244048
1178,0.3913226280592533
1179,0.6200393922050329
1180,0.4791398682206714
1181,0.1096061119821356
1182,0.2902651363148012
1183,0.5661144964915787
1184,0.611987310771455
1185,0.6883349386109647
1186,0.543144544578912
1187,0.7636706444056859
1188,0.3417425350204255
1189,0.7045484241140658
1190,0.8132380884736938
1191,0.11917481838382267
1192,0.6729331999076729
1193,0.5926396280739201
1194,0.478532710450695
1195,0.5196729745851613
1196,0.5843759803008974
1197,0.4938857243326162
1198,0.9113661636517194
1199,0.6820079329210136
1200,0.6494113616871175
1201,0.297250814752761
1202,0.6241847557811196
1203,0.4738840786194926
1204,0.8043157932814095
1205,0.3261820357785925
1206,0.5359824747239009
1207,0.21537100747092278
1208,0.6672139787472007
1209,0.6317428315294475
1210,0.7923520226058347
1211,0.7431352382853962
1212,0.4074434101483059
1213,0.7617049072993379
1214,0.47181223339824524
1215,0.6438025330195747
1216,0.7614688725427069
1217,0.8246619465259173
1218,0.5361692037401389
1219,0.5189940767777116
1220,0.15185638582680394
1221,0.5522584443053898
1222,0.613017015467583
1223,0.596149070651471
1224,0.6335540748814305
1225,0.3416661184065977
1226,0.19416224771238408
1227,0.6531799665573923
1228,0.5402557266077413
1229,0.6706703110583412
1230,0.45110299392193176
1231,0.661021485705606
1232,0.38487544169350635
1233,0.5870573802815185
1234,0.3091133872755375
1235,0.6104485335704348
1236,0.4161941255205425
1237,0.5777027335579444
1238,0.35631468031168023
1239,0.5652942865264162
1240,0.4573821358532671
1241,0.6751201399598531
1242,0.7642197274248386
1243,0.2883938695425848
1244,0.6267600823823707
1245,0.13161001820648155
1246,0.5045160965457631
1247,0.5625232184559961
1248,0.512864676301123
1249,0.09188649607703753
1250,0.6513101652912702
1251,0.7075134495323147
1252,0.32672887757123265
1253,0.17420749362117346
1254,0.5212846290416332
1255,0.27361043882005404
1256,0.30851515285432124
1257,0.3684836152076793
1258,0.7732991379258358
1259,0.8527419340884926
1260,0.8780867636971129
1261,0.8527419340884926
1262,0.8720578954874556
1263,0.5384342375815073
1264,0.15301513597664196
1265,0.28110006498540807
1266,0.5510047987525963
1267,0.7447721596400153
1268,0.21567948047098623
1269,0.3485235696515817
1270,0.559505896219908
1271,0.0902060863989451
1272,0.45833903058074205
1273,0.634596678533542
1274,0.6963645922951573
1275,0.7602597764863176
1276,0.3680204203604249
1277,0.5405179304511365
1278,0.07090444844113976
1279,0.45735405150016994
1280,0.6700972416393232
1281,0.38578960209680757
1282,0.6121095959767927
1283,0.6731680125861114
1284,0.33530442040187663
1285,0.5663277077178708
1286,0.46293783385689596
1287,0.2291697424421724
1288,0.15860327114978473
1289,0.2291697424421724
1290,0.2291697424421724
1291,0.11787845195953789
1292,0.7506396270358532
1293,0.3577401872596545
1294,0.4721949724670945
1295,0.18854835265485104
1296,0.34086949425605695
1297,0.7425973755243152
1298,0.6574474730908517
1299,0.31896129704913545
1300,0.5789265042090321
1301,0.46900054352210263
1302,0.6956155013893935
1303,0.6893900621604486
1304,0.09903356334029502
1305,0.464761386376985
1306,0.5935683638463252
1307,0.10618261518870308
1308,0.5821499384757224
1309,0.4308187908675434
1310,0.3934555467107332
1311,0.25822648592826297
1312,0.794135638582562
1313,0.5640899642812978
1314,0.7394888158903781
1315,0.7088680978174442
1316,0.5573994744937407
1317,0.5499274183643051
1318,0.3873898788576207
1319,0.7644992864883801
1320,0.7759564934943343
1321,0.5764010535945213
1322,0.4945860411086342
1323,0.6937687131394459
1324,0.6207135702886007
1325,0.5910233266948951
1326,0.5710037369967624
1327,0.26957799281624306
1328,0.4547652238421494
1329,0.7014415440347318
1330,0.5181202411620749
1331,0.7124128228125227
1332,0.5078449625068667
1333,0.7931488984350761
1334,0.4547511139815996
1335,0.33600223702976917
1336,0.45711020806478875
1337,0.715682541585278
1338,0.41259151700283114
1339,0.588668957054344
1340,0.5201856997315697
1341,0.10557579038778211
1342,0.6083314192354141
1343,0.23487018589697994
1344,0.6133537303386865
1345,0.7535891033858363
1346,0.5621325350625965
1347,0.13906076276398607
1348,0.3927185316895171
1349,0.34064431526534816
1350,0.38432952873462883
1351,0.3158186475843459
1352,0.4452800137186133
1353,0.3121887840334246
1354,0.567172947816118
1355,0.3346695068068384
1356,0.6616735667623824
1357,0.7593641736442368
1358,0.18815542746811956
1359,0.5532997473992085
1360,0.6242152377410316
1361,0.3387404494359429
1362,0.8049390417202693
1363,0.5713251661899555
1364,0.7714915975623792
1365,0.7729818013957556
1366,0.5656831954243301
1367,0.5602298575719729
1368,0.6461601745867029
1369,0.7816419754489705
1370,0.654792887802971
1371,0.607375374678183
1372,0.675781934225703
1373,0.6706345634932709
1374,0.22131669213445893
1375,0.526093670825235
1376,0.526093670825235
1377,0.33836611608283296
1378,0.739514361212622
1379,0.2803112619433008
1380,0.5686347981151001
1381,0.6573747424571139
1382,0.818370259971735
1383,0.6495895525552738
1384,0.5726826811847822
1385,0.5617843081663927
1386,0.6465002247866317
1387,0.5727301848728571
1388,0.5019727542574189
1389,0.47540773127024266
1390,0.7897580528456286
1391,0.8112973483749173
1392,0.5047740610934635
1393,0.6780792117833166
1394,0.4115591188085727
1395,0.8166541054142827
1396,0.6341263045339665
1397,0.3177363136491731
1398,0.13622429756125595
1399,0.4061164772527552
1400,0.45212351496382897
1401,0.3331596863204865
1402,0.2566868763551434
1403,0.13286924934497207
1404,0.6824311271014201
1405,0.5847281701067212
1406,0.5339719293058149
1407,0.1156215799480698
1408,0.4818737631770671
1409,0.03469336301313077
1410,0.3372121041596253
1411,0.6302982896768475
1412,0.7400920150195571
1413,0.5426556269873041
1414,0.45681212838302443
1415,0.0704245729531809
1416,0.0783856669787513
1417,0.0783856669787513
1418,0.07240750576830998
1419,0.07135984078689872
1420,0.07240750576830998
1421,0.08873264792659183
1422,0.08873264792659183
1423,0.0704245729531809
1424,0.0783856669787513
1425,0.08873264792659183
1426,0.0704245729531809
1427,0.08873264792659183
1428,0.7033871110276991
1429,0.9113661636517194
1430,0.662550717330377
1431,0.6927533058235325
1432,0.6447237042021372
1433,0.6353958888334005
1434,0.42072595858046286
1435,0.357941877148642
1436,0.5618517420247858
1437,0.4445590516951345
1438,0.1106106866216817
1439,0.10920807653857181
1440,0.49460871078550195
1441,0.7105712814590927
1442,0.573559783456972
1443,0.7518000649608402
1444,0.2305498836532475
1445,0.20391663673123342
1446,0.5896339705000209
1447,0.8128400068854127
1448,0.6360144971984143
1449,0.6209268189334367
1450,0.4957400808950035
1451,0.0776182583448549
1452,0.6130168213098484
1453,0.5266493543709301
1454,0.5736973096042766
1455,0.7485568590026674
1456,0.8056277301065008
1457,0.4876920641465899
1458,0.5835885131409462
1459,0.561361696561583
1460,0.10151287781521375
1461,0.32070503789611726
1462,0.30327293416202367
1463,0.40699738971250354
1464,0.5071146681742424
1465,0.7270985866835213
1466,0.4693359526322676
1467,0.28582154556763767
1468,0.6405649929930903
1469,0.32862810599489445
1470,0.5782936091576227
1471,0.46780821863835037
1472,0.5322926302530313
1473,0.6680757316546437
1474,0.7444636601281245
1475,0.6680757316546437
1476,0.44723999477114956
1477,0.6041614952553382
1478,0.5273030114778186
1479,0.30899577484574986
1480,0.7609482868306543
1481,0.5836018017461041
1482,0.5023510545860761
1483,0.38854242309875625
1484,0.7616307022211849
1485,0.7365094533601497
1486,0.653034750815301
1487,0.5198946944120904
1488,0.3590816795504354
1489,0.5403663661604752
1490,0.48562868251505015
1491,0.5739756920960842
1492,0.7035956599690029
1493,0.6764256455273004
1494,0.6872843532271242
1495,0.4525532844420292
1496,0.45170650000379364
1497,0.6988334574964388
1498,0.3979690194564141
1499,0.48064416544938177
1500,0.32228231877652924
1501,0.7162211179405977
1502,0.6798699249910903
1503,0.8127486870167667
1504,0.6204286212017097
1505,0.8406981908739316
1506,0.5513163858923504
1507,0.7108736049493318
1508,0.5651741177632539
1509,0.48371228979472236
1510,0.3943000098308128
1511,0.4077435799089209
1512,0.22522470286203453
1513,0.38196714767845513
1514,0.30165878938042984
1515,0.557532655835397
1516,0.5611576549827962
1517,0.7774735114862281
1518,0.781306955429774
1519,0.6460970299668224
1520,0.3092272181418729
1521,0.4793808855489214
1522,0.5910183142625045
1523,0.5286038495625653
1524,0.3374838676091699
1525,0.6185160116837075
1526,0.5163126995334947
1527,0.7553991533017169
1528,0.48669654123099354
1529,0.6298306625941075
1530,0.26761901774507396
1531,0.5399253255152425
1532,0.7445163914800307
1533,0.3216154537857199
1534,0.44237192765676886
1535,0.43829601498890053
1536,0.6584464878336135
1537,0.6310678823147674
1538,0.3891870667688347
1539,0.6332387155599594
1540,0.20228173578693023
1541,0.10494491662372189
1542,0.15961117893218418
1543,0.3060993992178941
1544,0.15961117893218418
1545,0.30082983649602774
1546,0.5091359029291624
1547,0.6355215524952958
1548,0.4175456014445868
1549,0.7781969818254312
1550,0.6344996538517176
1551,0.6853087200098587
1552,0.7794705426535518
1553,0.35917575730051915
1554,0.44367910007171096
1555,0.767071934695649
1556,0.5754992233734211
1557,0.10704566442779971
1558,0.5036831770640791
1559,0.5577430819601612
1560,0.45145751294551983
1561,0.5495399819129604
1562,0.09412715272103589
1563,0.09412715272103589
1564,0.6016033213281847
1565,0.5797359787216465
1566,0.5109786153388012
1567,0.7390899042045949
1568,0.6057843492495126
1569,0.7244356286177849
1570,0.600838402583167
1571,0.6279252558989588
1572,0.634184922860784
1573,0.6603700347070689
1574,0.5682315530243266
1575,0.05617165695541761
1576,0.6353411724077735
1577,0.5607897513092049
1578,0.3275257102063467
1579,0.6708852434261621
1580,0.781843080700839
1581,0.6393907512097702
1582,0.0979472114251619
1583,0.4821636148603143
1584,0.288141387558026
1585,0.14716460805144702
1586,0.17763507709803564
1587,0.5234691559394286
1588,0.19455897111160786
1589,0.571944247010096
1590,0.5604108498996669
1591,0.38391202381005274
1592,0.11949515399520884
1593,0.5187604700062752
1594,0.43192351791628564
1595,0.2629369946469872
1596,0.5497845499425892
1597,0.3851987028769743
1598,0.5927757078269208
1599,0.589867738356393
1600,0.7720737214575423
1601,0.5777826426754924
1602,0.3668623916624503
1603,0.4120651121260624
1604,0.7915704791888268
1605,0.5291479908748431
1606,0.6081104411922699
1607,0.5951122906187397
1608,0.7302091765736674
1609,0.6917604326723339
1610,0.5459717780205948
1611,0.10022032617082544
1612,0.10178627118000305
1613,0.09131251522099176
1614,0.10178627118000305
1615,0.09131251522099176
1616,0.10178627118000305
1617,0.10022032617082544
1618,0.1057929390305384
1619,0.1057929390305384
1620,0.1057929390305384
1621,0.1057929390305384
1622,0.6376013557899702
1623,0.6002629515831849
1624,0.7103963117557985
1625,0.905556424372078
1626,0.5294036227807394
1627,0.6148034878793871
1628,0.6413953511899962
1629,0.11188947258455739
1630,0.5960991705237585
1631,0.6985782866719938
1632,0.305776349567769
1633,0.10478065422126664
1634,0.6069825188002
1635,0.6159158156715184
1636,0.4057328861189316
1637,0.5637273756018798
1638,0.44543043249818354
1639,0.5683580611416045
1640,0.17405553279338287
1641,0.3495406622945774
1642,0.06314686050469656
1643,0.4305256160408827
1644,0.2544402853714048
1645,0.6002795397370748
1646,0.060223295564817356
1647,0.4809434168107745
1648,0.31808558221115135
1649,0.31607120829055685
1650,0.4308671143872511
1651,0.6113356874069958
1652,0.45055609572688504
1653,0.6196689022344217
1654,0.6161361477615828
1655,0.5531784402524128
1656,0.623746917385848
1657,0.6579676008691558
1658,0.7234924093507904
1659,0.4446327036728204
1660,0.5342006296930107
1661,0.7748099155666671
1662,0.7452809573933484
1663,0.6354128230003744
1664,0.7717520107051787
1665,0.7073358462097211
1666,0.6488704605424404
1667,0.40475410453265037
1668,0.6900930096543124
1669,0.12502069338736008
1670,0.5811541703179123
1671,0.4712750185750603
1672,0.37922890171045653
1673,0.6492725002236729
1674,0.5845329851287029
1675,0.6289603732143746
1676,0.17345342255035845
1677,0.053196513725194586
1678,0.6991554955004493
1679,0.5619261420423355
1680,0.3991327335627749
1681,0.6920609716708415
1682,0.5899979652410894
1683,0.4794736124979456
1684,0.6199556123483768
1685,0.3510729196956362
1686,0.11310537976633242
1687,0.7053894583089504
1688,0.3394641836848622
1689,0.6052214642693382
1690,0.4619298443133929
1691,0.04542277931900819
1692,0.735087582046276
1693,0.6828520722720468
1694,0.5758702478965646
1695,0.5931140565313627
1696,0.6157762840621037
1697,0.09347332019275596
1698,0.46197945200779
1699,0.6636293018649553
1700,0.33053638577020084
1701,0.6952193497441028
1702,0.5705354965746812
1703,0.46821737503106337
1704,0.625984814519066
1705,0.3568591083617145
1706,0.3791144008835963
1707,0.6640363251223123
1708,0.5534194743895506
1709,0.20897890651910184
1710,0.7425645397929136
1711,0.41758733093597145
1712,0.5692632555771974
1713,0.6803810357286072
1714,0.670867062790585
1715,0.4715139667285711
1716,0.26366450083773996
1717,0.21421799553810356
1718,0.7350559117915052
1719,0.3586043751588833
1720,0.19512321335085175
1721,0.7473192022056334
1722,0.6077306432628551
1723,0.3445659481229631
1724,0.6572218151174373
1725,0.46002524111646736
1726,0.7844254842229668
1727,0.24908242325763877
1728,0.6367499749871929
1729,0.595319549239523
1730,0.5428618156303392
1731,0.5398166599421738
1732,0.5333648950328469
1733,0.7971066789694318
1734,0.6437382273418092
1735,0.8007321677851889
1736,0.5564789557064005
1737,0.28972332258527994
1738,0.6695184295004843
1739,0.6744672310657024
1740,0.5674817801814411
1741,0.5220579238671303
1742,0.6400857032735884
1743,0.2770523408321311
1744,0.5452197145245496
1745,0.20255634583313173
1746,0.6297995611209518
1747,0.7821735707461086
1748,0.5752068112960395
1749,0.637842581075951
1750,0.5211395069773804
1751,0.5889248539132639
1752,0.6365205244844532
1753,0.7480633035709859
1754,0.6819965709594907
1755,0.41756448837956506
1756,0.520820872311422
1757,0.594826909062202
1758,0.4558601747759552
1759,0.5476004374468574
1760,0.611453613516682
1761,0.5963126958718601
1762,0.113561216873872
1763,0.1470777308054334
1764,0.4555110663718573
1765,0.40519152621454785
1766,0.6580693748215483
1767,0.2106216768316703
1768,0.7214146592747657
1769,0.4367625796604667
1770,0.4210608391312363
1771,0.4254689770865992
1772,0.6059204143410506
1773,0.6637735516703388
1774,0.37109563820232716
1775,0.6482743379064541
1776,0.34844228725589366
1777,0.44696133209382516
1778,0.5430385908083541
1779,0.5720724072760666
1780,0.5935320894313008
1781,0.7928341389489875
1782,0.6313720557925524
1783,0.22227787024022647
1784,0.9274387674339517
1785,0.8718131128173817
1786,0.8868854108888807
1787,0.8857286606630914
1788,0.7764816998087044
1789,0.3940532979758168
1790,0.5522386711698686
1791,0.5542588394748251
1792,0.5726957516801157
1793,0.7899123234540326
1794,0.6027843228273129
1795,0.4840188062118504
1796,0.5333581745329066
1797,0.603733883538635
1798,0.8071877984055619
1799,0.4715843027594141
1800,0.22108878333822438
1801,0.6851971768981983
1802,0.621872872870496
1803,0.5750939726065962
1804,0.4164488334031175
1805,0.4500087120015564
1806,0.7157270676388969
1807,0.8071877984055619
1808,0.8071877984055619
1809,0.7938401127896064
1810,0.8071877984055619
1811,0.7938401127896064
1812,0.8071877984055619
1813,0.7157270676388969
1814,0.7248092645514198
1815,0.7938401127896064
1816,0.8071877984055619
1817,0.7157270676388969
1818,0.7248092645514198
1819,0.8071877984055619
1820,0.8071877984055619
1821,0.7157270676388969
1822,0.7938401127896064
1823,0.7241330081693866
1824,0.7241330081693866
1825,0.8071877984055619
1826,0.7241330081693866
1827,0.7248092645514198
1828,0.7938401127896064
1829,0.573010754644055
1830,0.5741867801259193
1831,0.5894325065985278
1832,0.48878642041696513
1833,0.6895502663212733
1834,0.6170428614045179
1835,0.04531138548448609
1836,0.4783427064325433
1837,0.508800505117268
1838,0.11168184505527408
1839,0.7468595133975559
1840,0.33595935964877305
1841,0.5117089601900112
1842,0.7400016409509922
1843,0.6577511249541533
1844,0.8627760424559254
1845,0.799202667384583
1846,0.35081221403566837
1847,0.6485722052079087
1848,0.37825410351150923
1849,0.11176942980839488
1850,0.6878277313211992
1851,0.4537516417018754
1852,0.4961396944549724
1853,0.6673214163037859
1854,0.6728395602368159
1855,0.8650733793168394
1856,0.8650733793168394
1857,0.8952780294191294
1858,0.8789286772659753
1859,0.5414411270132264
1860,0.6683417545989943
1861,0.10449597635095412
1862,0.3873647455286036
1863,0.5875398875975286
1864,0.808984233678023
1865,0.13634204890565768
1866,0.33797276987564545
1867,0.773213835124606
1868,0.6115372077555765
1869,0.5300869866127474
1870,0.5300869866127474
1871,0.40281610473942747
1872,0.3883011503436087
1873,0.455645368510854
1874,0.21237043941700698
1875,0.057593799309475134
1876,0.13325792152881502
1877,0.1281052783784604
1878,0.39806952714573013
1879,0.42102691486266347
1880,0.10147968254115035
1881,0.5551621107704793
1882,0.10738035033652327
1883,0.46796961564058503
1884,0.4419736216412711
1885,0.5447451466017614
1886,0.13373670773602075
1887,0.4722345131684443
1888,0.6361010925365176
1889,0.5786787068581499
1890,0.7234930783376696
1891,0.5633034906984602
1892,0.7799829496548246
1893,0.5597097893292375
1894,0.6733922241532957
1895,0.5265063937176997
1896,0.508736454156822
1897,0.485343517338462
1898,0.5971873937794395
1899,0.48266265392447355
1900,0.6452648573432285
1901,0.16519466831504467
1902,0.5645464146906655
1903,0.5887106016655735
1904,0.5779330500846108
1905,0.4441343528168502
1906,0.6816479542464069
1907,0.43578128343521766
1908,0.42884133349795844
1909,0.5950944478430428
1910,0.8051701380473288
1911,0.659202028648238
1912,0.6780813509103814
1913,0.45578663860761826
1914,0.5319357238091255
1915,0.42796651892564574
1916,0.2752164585891373
1917,0.5640400044712182
1918,0.6247885216657033
1919,0.6694804243204101
1920,0.5885002223070578
1921,0.36994271927447026
1922,0.38056046946327626
1923,0.1851624004675667
1924,0.5995944224644011
1925,0.7155395484271007
1926,0.6427844752315975
1927,0.6453175240244657
1928,0.6851752171719889
1929,0.1143849079413524
1930,0.1084764798707473
1931,0.1143849079413524
1932,0.6639881851322899
1933,0.3585425266956997
1934,0.7415197237939314
1935,0.7501832183220545
1936,0.08370216488411444
1937,0.2833478521052349
1938,0.6731226181136164
1939,0.6815402654747271
1940,0.41945305478864664
1941,0.41959870321324216
1942,0.5942825877136279
1943,0.5008433590751558
1944,0.5030422370056448
1945,0.4134938034451149
1946,0.7320780757503725
1947,0.3049120873948068
1948,0.4684829785280336
1949,0.07526637596003512
1950,0.06392079091493896
1951,0.9077134454930246
1952,0.05497261035827728
1953,0.4585318313327374
1954,0.3636871021451022
1955,0.4715207721770257
1956,0.4379529635553472
1957,0.8684853531280645
1958,0.40542509680943567
1959,0.8122161199508194
1960,0.5568234975781969
1961,0.158943463441604
1962,0.08618143380737281
1963,0.5981244686435611
1964,0.6737523180479585
1965,0.4989111891196364
1966,0.4826569044030055
1967,0.06111329132851719
1968,0.7463007553787686
1969,0.5770271263517026
1970,0.4462472133411156
1971,0.5150365895399764
1972,0.5603692313967654
1973,0.5845012834259442
1974,0.7436805264477545
1975,0.39006629120466313
1976,0.7291220935874947
1977,0.5832073676028936
1978,0.5956179915987571
1979,0.42884175361551896
1980,0.3808380088762599
1981,0.30550114904730424
1982,0.34874637260397257
1983,0.6490616982315668
1984,0.43620814242608663
1985,0.45359201963547935
1986,0.47070409973217164
1987,0.6261888237182317
1988,0.7608462431048308
1989,0.2988853341184073
1990,0.4481453959473644
1991,0.13176401285062211
1992,0.6006581903818784
1993,0.45899934677818444
1994,0.6962494083452253
1995,0.1450583860733668
1996,0.49902052079916
1997,0.6441661443445059
1998,0.682483663194421
1999,0.684607357507509
2000,0.5445186338698339
2001,0.3879442038730052
2002,0.6807477783596293
2003,0.780773095493237
2004,0.5553004233857105
2005,0.7396389285722895
2006,0.5079409700905502
2007,0.49003478906879877
2008,0.7766340538105897
2009,0.4148537808054511
2010,0.6888031050963221
2011,0.20050987183838856
2012,0.4647561597088776
2013,0.6467223274697829
2014,0.5922104331373462
2015,0.6088587015660722
2016,0.6785638782745501
2017,0.6785638782745501
2018,0.6785638782745501
2019,0.6785638782745501
2020,0.18334883693831447
2021,0.651308024829845
2022,0.6190755115336861
2023,0.6547393920870239
2024,0.46313708655090974
2025,0.8216875364752972
2026,0.0720617306954665
2027,0.529517144169438
2028,0.6975391060616057
